Catalog#,Artist,Title,Label,Format,Rating,Released,release_id,CollectionFolder,Date Added,Collection Media Condition,Collection Sleeve Condition,Collection Notes,Storage Box
LLR-004,Aurelia Kaan,Nightbus Dialogues,Lowlight Recordings,"Vinyl, 12"", 33 ⅓ RPM, EP",5,1997,9000101,DJ Crates,2024-02-11 19:02:44,Very Good Plus (VG+),Very Good (VG),"Bought at a record fair, sticker on sleeve",Box A
LLR-004,Aurelia Kaan,Nightbus Dialogues,Lowlight Recordings,"Vinyl, 12"", 33 ⅓ RPM, EP",5,1997,9000101,DJ Crates,2024-02-11 19:02:44,Very Good Plus (VG+),Very Good (VG),"Bought at a record fair, sticker on sleeve",Box A
BSG-007,Kovač Unit,Unit Theory,Basement Signal,"Vinyl, 12""",4,2003,9000202,Uncategorized,2024-03-01 10:15:00,Very Good Plus (VG+),Generic,"Test pressing?
Check runout before gigging",Box B
TWT-11,Dembe Salt,"Salt Garden, Part 1",Tidewater Tapes,"2xLP, Album, Gatefold",,2001,9000303,Listening,2023-11-20 08:00:00,Mint (M),Near Mint (NM or M-),,
HEL-021D,Hanae Sorell,Soft Machines at Dawn,Heliotrope Audio,"File, FLAC, EP",,2010,9000404,Uncategorized,2025-01-05 22:10:09,,,,
HEL 030,井上 ひかり,夜明けのレコード,Heliotrope Audio,"Vinyl, LP, Album",,2012,9000707,Listening,2024-06-01 09:00:00,Very Good Plus (VG+),Very Good Plus (VG+),Unicode sample (synthetic),Box C
LLR-004,Aurelia Kaan,Nightbus Dialogues,Lowlight Recordings,"Vinyl, 12"", 33 ⅓ RPM, EP",5,1997,9000101,DJ Crates,2026-08-30 17:00:00,Near Mint (NM or M-),Very Good Plus (VG+),Third copy from a shop in Leeds,
LLR-022,Tomo & Bex,Warm Up Tools Vol. 2,Lowlight Recordings,"Vinyl, 12""",,2008,9000808,DJ Crates,2026-09-01 11:00:00,Very Good Plus (VG+),Very Good (VG),,
CBR-001,Midnight Tram Ensemble,Tram Lines,Cobalt Room,"Vinyl, 12"", 45 RPM",,1995,9000606,DJ Crates,2024-05-12 21:40:00,Very Good (VG),Very Good (VG),"broken, row, with, extra, commas (now quoted properly)",
